<application>
  <component name="AppStorage">
    <option name="newTranslationDialogCollapseDictViewer" value="false" />
    <option name="newTranslationDialogHeight" value="295" />
    <option name="newTranslationDialogWidth" value="540" />
    <option name="newTranslationDialogX" value="1045" />
    <option name="newTranslationDialogY" value="382" />
    <histories>
      <item value="wrapped" />
      <item value="wrap" />
      <item value="wra" />
      <item value="wr" />
      <item value="Dialect" />
      <item value="杠" />
      <item value="gang" />
      <item value="指标" />
      <item value="温度" />
      <item value="天气" />
      <item value="DELIMITER" />
      <item value="默认" />
      <item value="时间段" />
      <item value="shi'jian" />
      <item value="水华" />
      <item value="藻" />
      <item value="zao" />
      <item value="z'b" />
      <item value="澡" />
      <item value="蓝藻" />
      <item value="lan'zao" />
      <item value="lan" />
      <item value="l" />
      <item value="监测" />
      <item value="实时" />
      <item value="shi'shi" />
      <item value="legend" />
      <item value="图例" />
      <item value="tu" />
      <item value="bar" />
      <item value="shui'hua" />
      <item value="sh" />
      <item value="bloom" />
      <item value="bloo" />
      <item value="bl" />
      <item value="叶绿素" />
      <item value="ye'lv" />
      <item value="chl" />
      <item value="IMPLICIT" />
      <item value="consumwer" />
      <item value="present" />
      <item value="p" />
      <item value="巡测数据上传" />
      <item value="Ambiguous" />
      <item value="dialect" />
      <item value="卫星" />
      <item value="传感器" />
      <item value="combine" />
      <item value="合并" />
      <item value="clipbord" />
    </histories>
    <option name="languageScores">
      <map>
        <entry key="CHINESE" value="246" />
        <entry key="ENGLISH" value="228" />
      </map>
    </option>
  </component>
  <component name="Cache">
    <option name="lastTrimTime" value="1628478393600" />
  </component>
</application>